1E96	1E96
2A9K	2A9K
2WPT	2WPT
2WPT	1EMV
2WPT	2VLN
2WPT	2VLO
2WPT	2VLQ
1A22	1A22
1MAH	1MAH
2AJF	2AJF
3BK3	3BK3
3BP8	3BP8
1ACB	1ACB
1ACB	1GL0
1ACB	1GL1
1AK4	1AK4
1AK4	1M9E
1PPF	1PPF
3BTE	3BTE
3BTE	3BTD
3BTE	3BTF
3BTE	3BTG
3BTE	3BTH
3BTE	2FTL
3BTE	3BTM
3BTE	3BTQ
3BTE	3BTT
3BTE	3BTW
3BTE	1SMF
3BTE	1EAW
1B2S	1B2S
1B2S	1B2U
1B2S	1B3S
1B2S	1BRS
1B2S	1X1X
1R0R	1R0R
1R0R	1CSE
1R0R	1SBN
1R0R	1TM1
1R0R	1TM3
1R0R	1TM4
1R0R	1TM5
1R0R	1TM7
1R0R	1TMG
1R0R	1TO1
1R0R	1Y1K
1R0R	1Y33
1R0R	2SIC
1R0R	1Y34
1R0R	1Y3B
2B42	2B42
1S1Q	1S1Q
2BTF	2BTF
1CSO	1CSO
1CSO	1SGD
1CSO	1CT0
1CSO	1SGE
1CSO	1CT2
1CSO	1SGN
1CSO	1CT4
1CSO	1SGP
1CSO	1SGQ
1CSO	3SGB
1CSO	1SGY
1CSO	2NU0
1CSO	2NU1
1CSO	2NU2
1CSO	2NU4
1CSO	2SGP
1CSO	2SGQ
2GOX	2GOX
2GOX	3D5R
2GOX	3D5S
2HLE	2HLE
2HRK	2HRK
2I26	2I26
2I26	1UUZ
1EFN	1EFN
2I9B	2I9B
4CPA	4CPA
2J0T	2J0T
1F47	1F47
1FC2	1FC2
1FCC	1FCC
1FFW	1FFW
1GC1	1GC1
2O3B	2O3B
2OOB	2OOB
1H9D	1H9D
1HE8	1HE8
2PCC	2PCC
2PCC	2B0Z
2PCC	2B10
2PCC	2B11
2PCC	2B12
2PCC	2PCB
1IAR	1IAR
1XD3	1XD3
1JCK	1JCK
1JCK	1SBB
1JTG	1JTG
1JTG	1S0W
1JTG	2G2W
1JTG	2G2U
1KAC	1KAC
1KAC	1P69
1KAC	1P6A
1KAC	2J1K
1KTZ	1KTZ
1LFD	1LFD
1Z7X	1Z7X
1Z7X	1A4Y
